,training R2,test R2
5% missing genes,0.945052329057678,0.9070002581560366
10% missing genes,0.9467409950955769,0.9068219402922022
50% missing genes,0.9462464659771568,0.9067919299212189
