,training R2,test R2
5% missing,0.9465141725954006,0.9072580959649129
10% missing,0.9462760923202155,0.9074839261056615
50% missing,0.9462495720836713,0.9065718574566324
