,training R2,test R2
5% missing,0.7338238454393711,0.7135372648766442
10% missing,0.7287698462533845,0.7205671682502778
50% missing,0.7307711832259797,0.7217427189700595
