,training R2,test R2
5% missing,0.7304971876649035,0.7231285229110181
10% missing,0.7300878473919042,0.7235059183001038
50% missing,0.7302962438821168,0.7222833131262171
